﻿{
  "_header": {
    "descriptor": "Little Json format: http://www.JsonFile.com",
    "version": "0.1.03",
    "title": null,
    "createDate": "2016-11-12T22:07:46.2218666Z",
    "updateDate": "2016-12-01T14:04:50.2683304Z",
    "idMax": 19
  },
  "data": [
    {
      "Name": "1c2eed81-366c-4d4b-a99f-4d8018f9b498",
      "ExecutionTime": "00:00:10.2305828",
      "CreatedDate": "2016-11-12T22:05:04.1160106+00:00",
      "RunResults": [
        {
          "Id": 0,
          "LearningRate": 0.5,
          "ExplorationRate": -1.0,
          "DiscountRate": -1.0,
          "ExecutionTime": "00:00:00.0284979",
          "CreatedDate": "2016-11-12T22:05:04.3261596+00:00",
          "Reward": -7101.0,
          "Steps": 2997,
          "SuccessRate": 0.0
        },
        {
          "Id": 0,
          "LearningRate": 0.5,
          "ExplorationRate": -1.0,
          "DiscountRate": -1.0,
          "ExecutionTime": "00:00:00.0168340",
          "CreatedDate": "2016-11-12T22:05:04.3436719+00:00",
          "Reward": -7618.0,
          "Steps": 3218,
          "SuccessRate": 0.0
        },
        {
          "Id": 0,
          "LearningRate": 0.5,
          "ExplorationRate": -1.0,
          "DiscountRate": -1.0,
          "ExecutionTime": "00:00:00.0194809",
          "CreatedDate": "2016-11-12T22:05:04.3631863+00:00",
          "Reward": -7661.0,
          "Steps": 3233,
          "SuccessRate": 0.0
        },
        {
          "Id": 0,
          "LearningRate": 0.5,
          "ExplorationRate": -1.0,
          "DiscountRate": -1.0,
          "ExecutionTime": "00:00:00.0160986",
          "CreatedDate": "2016-11-12T22:05:04.3791977+00:00",
          "Reward": -7574.0,
          "Steps": 3182,
          "SuccessRate": 0.0
        },
        {
          "Id": 0,
          "LearningRate": 0.5,
          "ExplorationRate": -1.0,
          "DiscountRate": -1.0,
          "ExecutionTime": "00:00:05.1109755",
          "CreatedDate": "2016-11-12T22:05:09.4898444+00:00",
          "Reward": -507052.0,
          "Steps": 103164,
          "SuccessRate": 0.0
        },
        {
          "Id": 0,
          "LearningRate": 0.5,
          "ExplorationRate": -1.0,
          "DiscountRate": -1.0,
          "ExecutionTime": "00:00:04.7921050",
          "CreatedDate": "2016-11-12T22:05:14.2822499+00:00",
          "Reward": -507200.0,
          "Steps": 103212,
          "SuccessRate": 0.0
        },
        {
          "Id": 0,
          "LearningRate": 0.5,
          "ExplorationRate": -1.0,
          "DiscountRate": -1.0,
          "ExecutionTime": "00:00:00.0132247",
          "CreatedDate": "2016-11-12T22:05:14.2952588+00:00",
          "Reward": -7633.0,
          "Steps": 3201,
          "SuccessRate": 0.0
        },
        {
          "Id": 0,
          "LearningRate": 0.5,
          "ExplorationRate": -1.0,
          "DiscountRate": -1.0,
          "ExecutionTime": "00:00:00.0175734",
          "CreatedDate": "2016-11-12T22:05:14.3127896+00:00",
          "Reward": -7756.0,
          "Steps": 3248,
          "SuccessRate": 0.0
        },
        {
          "Id": 0,
          "LearningRate": 0.5,
          "ExplorationRate": -1.0,
          "DiscountRate": -1.0,
          "ExecutionTime": "00:00:00.0177380",
          "CreatedDate": "2016-11-12T22:05:14.3307854+00:00",
          "Reward": -7906.0,
          "Steps": 3322,
          "SuccessRate": 0.0
        },
        {
          "Id": 0,
          "LearningRate": 0.5,
          "ExplorationRate": -1.0,
          "DiscountRate": -1.0,
          "ExecutionTime": "00:00:00.0168344",
          "CreatedDate": "2016-11-12T22:05:14.3477991+00:00",
          "Reward": -7654.0,
          "Steps": 3218,
          "SuccessRate": 0.0
        }
      ],
      "RacetrackType": "Q",
      "Id": 1
    },
    {
      "Name": "fa737343-b292-4eaf-a824-c362abd8ebad",
      "ExecutionTime": "00:00:14.9984928",
      "CreatedDate": "2016-11-12T22:46:39.8804503+00:00",
      "RunResults": [
        {
          "Id": 0,
          "LearningRate": 0.5,
          "ExplorationRate": -1.0,
          "DiscountRate": -1.0,
          "ExecutionTime": "00:00:05.1030878",
          "CreatedDate": "2016-11-12T22:46:45.1233283+00:00",
          "Reward": -507557.0,
          "Steps": 103325,
          "SuccessRate": 0.0
        },
        {
          "Id": 0,
          "LearningRate": 0.5,
          "ExplorationRate": -1.0,
          "DiscountRate": -1.0,
          "ExecutionTime": "00:00:00.0136763",
          "CreatedDate": "2016-11-12T22:46:45.1373382+00:00",
          "Reward": -7632.0,
          "Steps": 3216,
          "SuccessRate": 0.0
        },
        {
          "Id": 0,
          "LearningRate": 0.5,
          "ExplorationRate": -1.0,
          "DiscountRate": -1.0,
          "ExecutionTime": "00:00:00.0129512",
          "CreatedDate": "2016-11-12T22:46:45.1503475+00:00",
          "Reward": -7240.0,
          "Steps": 3016,
          "SuccessRate": 0.0
        },
        {
          "Id": 0,
          "LearningRate": 0.5,
          "ExplorationRate": -1.0,
          "DiscountRate": -1.0,
          "ExecutionTime": "00:00:04.8197728",
          "CreatedDate": "2016-11-12T22:46:49.9702723+00:00",
          "Reward": -507284.0,
          "Steps": 103196,
          "SuccessRate": 0.0
        },
        {
          "Id": 0,
          "LearningRate": 0.5,
          "ExplorationRate": -1.0,
          "DiscountRate": -1.0,
          "ExecutionTime": "00:00:00.0141662",
          "CreatedDate": "2016-11-12T22:46:49.9842823+00:00",
          "Reward": -7652.0,
          "Steps": 3236,
          "SuccessRate": 0.0
        },
        {
          "Id": 0,
          "LearningRate": 0.5,
          "ExplorationRate": -1.0,
          "DiscountRate": -1.0,
          "ExecutionTime": "00:00:04.8378065",
          "CreatedDate": "2016-11-12T22:46:54.8222227+00:00",
          "Reward": -507008.0,
          "Steps": 103168,
          "SuccessRate": 0.0
        },
        {
          "Id": 0,
          "LearningRate": 0.5,
          "ExplorationRate": -1.0,
          "DiscountRate": -1.0,
          "ExecutionTime": "00:00:00.0143348",
          "CreatedDate": "2016-11-12T22:46:54.8367324+00:00",
          "Reward": -7984.0,
          "Steps": 3324,
          "SuccessRate": 0.0
        },
        {
          "Id": 0,
          "LearningRate": 0.5,
          "ExplorationRate": -1.0,
          "DiscountRate": -1.0,
          "ExecutionTime": "00:00:00.0140107",
          "CreatedDate": "2016-11-12T22:46:54.8507428+00:00",
          "Reward": -7572.0,
          "Steps": 3176,
          "SuccessRate": 0.0
        },
        {
          "Id": 0,
          "LearningRate": 0.5,
          "ExplorationRate": -1.0,
          "DiscountRate": -1.0,
          "ExecutionTime": "00:00:00.0141256",
          "CreatedDate": "2016-11-12T22:46:54.8647527+00:00",
          "Reward": -7732.0,
          "Steps": 3264,
          "SuccessRate": 0.0
        },
        {
          "Id": 0,
          "LearningRate": 0.5,
          "ExplorationRate": -1.0,
          "DiscountRate": -1.0,
          "ExecutionTime": "00:00:00.0153746",
          "CreatedDate": "2016-11-12T22:46:54.8802632+00:00",
          "Reward": -8525.0,
          "Steps": 3609,
          "SuccessRate": 0.0
        }
      ],
      "RacetrackType": "Q",
      "Id": 2
    },
    {
      "Name": "2183e606-6d1f-466a-b387-aa0c3e4d4614",
      "ExecutionTime": "00:00:10.4403765",
      "CreatedDate": "2016-11-12T22:53:30.3993864+00:00",
      "RunResults": [
        {
          "Id": 0,
          "LearningRate": 0.5,
          "ExplorationRate": -1.0,
          "DiscountRate": -1.0,
          "ExecutionTime": "00:00:00.0305791",
          "CreatedDate": "2016-11-12T22:53:30.5770145+00:00",
          "Reward": -8606.0,
          "Steps": 3646,
          "SuccessRate": 0.0
        },
        {
          "Id": 0,
          "LearningRate": 0.5,
          "ExplorationRate": -1.0,
          "DiscountRate": -1.0,
          "ExecutionTime": "00:00:00.0236475",
          "CreatedDate": "2016-11-12T22:53:30.6010312+00:00",
          "Reward": -7846.0,
          "Steps": 3286,
          "SuccessRate": 0.0
        },
        {
          "Id": 0,
          "LearningRate": 0.5,
          "ExplorationRate": -1.0,
          "DiscountRate": -1.0,
          "ExecutionTime": "00:00:05.0861914",
          "CreatedDate": "2016-11-12T22:53:35.6871464+00:00",
          "Reward": -506691.0,
          "Steps": 102963,
          "SuccessRate": 0.0
        },
        {
          "Id": 0,
          "LearningRate": 0.5,
          "ExplorationRate": -1.0,
          "DiscountRate": -1.0,
          "ExecutionTime": "00:00:00.0141915",
          "CreatedDate": "2016-11-12T22:53:35.701156+00:00",
          "Reward": -7695.0,
          "Steps": 3267,
          "SuccessRate": 0.0
        },
        {
          "Id": 0,
          "LearningRate": 0.5,
          "ExplorationRate": -1.0,
          "DiscountRate": -1.0,
          "ExecutionTime": "00:00:00.0134616",
          "CreatedDate": "2016-11-12T22:53:35.7146832+00:00",
          "Reward": -7429.0,
          "Steps": 3125,
          "SuccessRate": 0.0
        },
        {
          "Id": 0,
          "LearningRate": 0.5,
          "ExplorationRate": -1.0,
          "DiscountRate": -1.0,
          "ExecutionTime": "00:00:00.0146198",
          "CreatedDate": "2016-11-12T22:53:35.7291929+00:00",
          "Reward": -8152.0,
          "Steps": 3412,
          "SuccessRate": 0.0
        },
        {
          "Id": 0,
          "LearningRate": 0.5,
          "ExplorationRate": -1.0,
          "DiscountRate": -1.0,
          "ExecutionTime": "00:00:00.0152558",
          "CreatedDate": "2016-11-12T22:53:35.7447041+00:00",
          "Reward": -8126.0,
          "Steps": 3414,
          "SuccessRate": 0.0
        },
        {
          "Id": 0,
          "LearningRate": 0.5,
          "ExplorationRate": -1.0,
          "DiscountRate": -1.0,
          "ExecutionTime": "00:00:05.0679481",
          "CreatedDate": "2016-11-12T22:53:40.812788+00:00",
          "Reward": -506695.0,
          "Steps": 102983,
          "SuccessRate": 0.0
        },
        {
          "Id": 0,
          "LearningRate": 0.5,
          "ExplorationRate": -1.0,
          "DiscountRate": -1.0,
          "ExecutionTime": "00:00:00.0143301",
          "CreatedDate": "2016-11-12T22:53:40.8267984+00:00",
          "Reward": -7801.0,
          "Steps": 3321,
          "SuccessRate": 0.0
        },
        {
          "Id": 0,
          "LearningRate": 0.5,
          "ExplorationRate": -1.0,
          "DiscountRate": -1.0,
          "ExecutionTime": "00:00:00.0137225",
          "CreatedDate": "2016-11-12T22:53:40.8408083+00:00",
          "Reward": -7633.0,
          "Steps": 3197,
          "SuccessRate": 0.0
        }
      ],
      "RacetrackType": "Q",
      "Id": 3
    },
    {
      "Name": "d9728a6c-46db-466c-9f74-175c727d63c6",
      "ExecutionTime": "00:00:04.0071984",
      "CreatedDate": "2016-11-13T13:39:18.0675668+00:00",
      "RunResults": [
        {
          "Id": 0,
          "LearningRate": 0.5,
          "ExplorationRate": -1.0,
          "DiscountRate": -1.0,
          "ExecutionTime": "00:00:00.6123485",
          "CreatedDate": "2016-11-13T13:39:18.7110238+00:00",
          "Reward": -1138.84,
          "Steps": 261,
          "SuccessRate": 0.016188791142448158
        },
        {
          "Id": 0,
          "LearningRate": 0.5,
          "ExplorationRate": -1.0,
          "DiscountRate": -1.0,
          "ExecutionTime": "00:00:00.0243901",
          "CreatedDate": "2016-11-13T13:39:19.325461+00:00",
          "Reward": -148.4,
          "Steps": 62,
          "SuccessRate": 0.016845099305806611
        },
        {
          "Id": 0,
          "LearningRate": 0.5,
          "ExplorationRate": -1.0,
          "DiscountRate": -1.0,
          "ExecutionTime": "00:00:00.0205550",
          "CreatedDate": "2016-11-13T13:39:19.3499786+00:00",
          "Reward": -157.32,
          "Steps": 66,
          "SuccessRate": 0.015833737615027991
        },
        {
          "Id": 0,
          "LearningRate": 0.5,
          "ExplorationRate": -1.0,
          "DiscountRate": -1.0,
          "ExecutionTime": "00:00:00.0285666",
          "CreatedDate": "2016-11-13T13:39:19.3704938+00:00",
          "Reward": -150.06,
          "Steps": 62,
          "SuccessRate": 0.016516015138857885
        },
        {
          "Id": 0,
          "LearningRate": 0.5,
          "ExplorationRate": -1.0,
          "DiscountRate": -1.0,
          "ExecutionTime": "00:00:02.5064894",
          "CreatedDate": "2016-11-13T13:39:19.3990139+00:00",
          "Reward": -3122.04,
          "Steps": 662,
          "SuccessRate": 0.014956850814659712
        },
        {
          "Id": 0,
          "LearningRate": 0.5,
          "ExplorationRate": -1.0,
          "DiscountRate": -1.0,
          "ExecutionTime": "00:00:00.0262975",
          "CreatedDate": "2016-11-13T13:39:21.9052949+00:00",
          "Reward": -146.62,
          "Steps": 60,
          "SuccessRate": 0.016933484507650788
        },
        {
          "Id": 0,
          "LearningRate": 0.5,
          "ExplorationRate": -1.0,
          "DiscountRate": -1.0,
          "ExecutionTime": "00:00:00.0304603",
          "CreatedDate": "2016-11-13T13:39:21.9318151+00:00",
          "Reward": -163.24,
          "Steps": 68,
          "SuccessRate": 0.015851806989220955
        },
        {
          "Id": 0,
          "LearningRate": 0.5,
          "ExplorationRate": -1.0,
          "DiscountRate": -1.0,
          "ExecutionTime": "00:00:00.0328142",
          "CreatedDate": "2016-11-13T13:39:21.9623358+00:00",
          "Reward": -156.7,
          "Steps": 65,
          "SuccessRate": 0.016343696731784246
        },
        {
          "Id": 0,
          "LearningRate": 0.5,
          "ExplorationRate": -1.0,
          "DiscountRate": -1.0,
          "ExecutionTime": "00:00:00.0273286",
          "CreatedDate": "2016-11-13T13:39:21.9948587+00:00",
          "Reward": -152.16,
          "Steps": 63,
          "SuccessRate": 0.016400564391044661
        },
        {
          "Id": 0,
          "LearningRate": 0.5,
          "ExplorationRate": -1.0,
          "DiscountRate": -1.0,
          "ExecutionTime": "00:00:00.0528884",
          "CreatedDate": "2016-11-13T13:39:22.0223785+00:00",
          "Reward": -151.98,
          "Steps": 63,
          "SuccessRate": 0.016317523504785627
        }
      ],
      "RacetrackType": "Q",
      "Id": 4
    },
    {
      "Name": "3df1aa98-2ec8-493a-afc2-b9783746310f",
      "ExecutionTime": "00:00:41.3399161",
      "CreatedDate": "2016-11-13T13:48:12.9705618+00:00",
      "RunResults": [
        {
          "Id": 0,
          "LearningRate": 0.5,
          "ExplorationRate": -1.0,
          "DiscountRate": -1.0,
          "ExecutionTime": "00:00:40.0073559",
          "CreatedDate": "2016-11-13T13:48:17.0569159+00:00",
          "Reward": -144.74,
          "Steps": 60,
          "SuccessRate": 0.018867924528301886
        },
        {
          "Id": 0,
          "LearningRate": 0.5,
          "ExplorationRate": -1.0,
          "DiscountRate": -1.0,
          "ExecutionTime": "00:00:00.0187245",
          "CreatedDate": "2016-11-13T13:48:53.1689837+00:00",
          "Reward": -162.84,
          "Steps": 68,
          "SuccessRate": 0.014084507042253521
        },
        {
          "Id": 0,
          "LearningRate": 0.5,
          "ExplorationRate": -1.0,
          "DiscountRate": -1.0,
          "ExecutionTime": "00:00:00.5148322",
          "CreatedDate": "2016-11-13T13:48:53.1874789+00:00",
          "Reward": -1145.88,
          "Steps": 265,
          "SuccessRate": 0.018867924528301886
        },
        {
          "Id": 0,
          "LearningRate": 0.5,
          "ExplorationRate": -1.0,
          "DiscountRate": -1.0,
          "ExecutionTime": "00:00:00.0152388",
          "CreatedDate": "2016-11-13T13:48:53.7023443+00:00",
          "Reward": -151.9,
          "Steps": 63,
          "SuccessRate": 0.018867924528301886
        },
        {
          "Id": 0,
          "LearningRate": 0.5,
          "ExplorationRate": -1.0,
          "DiscountRate": -1.0,
          "ExecutionTime": "00:00:00.0147528",
          "CreatedDate": "2016-11-13T13:48:53.7178547+00:00",
          "Reward": -158.94,
          "Steps": 66,
          "SuccessRate": 0.014084507042253521
        },
        {
          "Id": 0,
          "LearningRate": 0.5,
          "ExplorationRate": -1.0,
          "DiscountRate": -1.0,
          "ExecutionTime": "00:00:00.5152988",
          "CreatedDate": "2016-11-13T13:48:53.7323652+00:00",
          "Reward": -1141.5,
          "Steps": 263,
          "SuccessRate": 0.018867924528301886
        },
        {
          "Id": 0,
          "LearningRate": 0.5,
          "ExplorationRate": -1.0,
          "DiscountRate": -1.0,
          "ExecutionTime": "00:00:00.0152266",
          "CreatedDate": "2016-11-13T13:48:54.2477332+00:00",
          "Reward": -156.86,
          "Steps": 66,
          "SuccessRate": 0.018867924528301886
        },
        {
          "Id": 0,
          "LearningRate": 0.5,
          "ExplorationRate": -1.0,
          "DiscountRate": -1.0,
          "ExecutionTime": "00:00:00.0162375",
          "CreatedDate": "2016-11-13T13:48:54.262743+00:00",
          "Reward": -159.02,
          "Steps": 67,
          "SuccessRate": 0.018867924528301886
        },
        {
          "Id": 0,
          "LearningRate": 0.5,
          "ExplorationRate": -1.0,
          "DiscountRate": -1.0,
          "ExecutionTime": "00:00:00.0170989",
          "CreatedDate": "2016-11-13T13:48:54.2792546+00:00",
          "Reward": -149.9,
          "Steps": 63,
          "SuccessRate": 0.018867924528301886
        },
        {
          "Id": 0,
          "LearningRate": 0.5,
          "ExplorationRate": -1.0,
          "DiscountRate": -1.0,
          "ExecutionTime": "00:00:00.0149905",
          "CreatedDate": "2016-11-13T13:48:54.2962671+00:00",
          "Reward": -154.62,
          "Steps": 65,
          "SuccessRate": 0.011235955056179775
        }
      ],
      "RacetrackType": "Q",
      "Id": 5
    },
    {
      "Name": "69b5bc5e-d99c-4445-8380-ece1dd46bb62",
      "ExecutionTime": "00:00:02.1941873",
      "CreatedDate": "2016-11-13T13:56:04.3859517+00:00",
      "RunResults": [
        {
          "Id": 0,
          "LearningRate": 0.5,
          "ExplorationRate": -1.0,
          "DiscountRate": -1.0,
          "ExecutionTime": "00:00:00.6502701",
          "CreatedDate": "2016-11-13T13:56:05.2875871+00:00",
          "Reward": -1143.64,
          "Steps": 263,
          "SuccessRate": 0.98
        },
        {
          "Id": 0,
          "LearningRate": 0.5,
          "ExplorationRate": -1.0,
          "DiscountRate": -1.0,
          "ExecutionTime": "00:00:00.0161661",
          "CreatedDate": "2016-11-13T13:56:05.9385501+00:00",
          "Reward": -158.42,
          "Steps": 67,
          "SuccessRate": 1.0
        },
        {
          "Id": 0,
          "LearningRate": 0.5,
          "ExplorationRate": -1.0,
          "DiscountRate": -1.0,
          "ExecutionTime": "00:00:00.0159494",
          "CreatedDate": "2016-11-13T13:56:05.9550798+00:00",
          "Reward": -157.58,
          "Steps": 65,
          "SuccessRate": 1.0
        },
        {
          "Id": 0,
          "LearningRate": 0.5,
          "ExplorationRate": -1.0,
          "DiscountRate": -1.0,
          "ExecutionTime": "00:00:00.0170665",
          "CreatedDate": "2016-11-13T13:56:05.9710746+00:00",
          "Reward": -161.86,
          "Steps": 67,
          "SuccessRate": 1.0
        },
        {
          "Id": 0,
          "LearningRate": 0.5,
          "ExplorationRate": -1.0,
          "DiscountRate": -1.0,
          "ExecutionTime": "00:00:00.5166153",
          "CreatedDate": "2016-11-13T13:56:05.9881032+00:00",
          "Reward": -1138.84,
          "Steps": 261,
          "SuccessRate": 0.98
        },
        {
          "Id": 0,
          "LearningRate": 0.5,
          "ExplorationRate": -1.0,
          "DiscountRate": -1.0,
          "ExecutionTime": "00:00:00.0167041",
          "CreatedDate": "2016-11-13T13:56:06.5044703+00:00",
          "Reward": -162.1,
          "Steps": 68,
          "SuccessRate": 1.0
        },
        {
          "Id": 0,
          "LearningRate": 0.5,
          "ExplorationRate": -1.0,
          "DiscountRate": -1.0,
          "ExecutionTime": "00:00:00.0144895",
          "CreatedDate": "2016-11-13T13:56:06.5214824+00:00",
          "Reward": -150.42,
          "Steps": 63,
          "SuccessRate": 1.0
        },
        {
          "Id": 0,
          "LearningRate": 0.5,
          "ExplorationRate": -1.0,
          "DiscountRate": -1.0,
          "ExecutionTime": "00:00:00.0163224",
          "CreatedDate": "2016-11-13T13:56:06.5359929+00:00",
          "Reward": -156.92,
          "Steps": 66,
          "SuccessRate": 1.0
        },
        {
          "Id": 0,
          "LearningRate": 0.5,
          "ExplorationRate": -1.0,
          "DiscountRate": -1.0,
          "ExecutionTime": "00:00:00.0143462",
          "CreatedDate": "2016-11-13T13:56:06.5520039+00:00",
          "Reward": -144.16,
          "Steps": 60,
          "SuccessRate": 1.0
        },
        {
          "Id": 0,
          "LearningRate": 0.5,
          "ExplorationRate": -1.0,
          "DiscountRate": -1.0,
          "ExecutionTime": "00:00:00.0149482",
          "CreatedDate": "2016-11-13T13:56:06.5665144+00:00",
          "Reward": -150.18,
          "Steps": 62,
          "SuccessRate": 1.0
        }
      ],
      "RacetrackType": "Q",
      "Id": 6
    },
    {
      "Name": "a250e61d-e3bb-4ad1-8575-a78ef3685e46",
      "ExecutionTime": "00:00:00.6460553",
      "CreatedDate": "2016-11-13T14:07:12.6557861+00:00",
      "RunResults": [
        {
          "Id": 0,
          "LearningRate": 0.5,
          "ExplorationRate": -1.0,
          "DiscountRate": -1.0,
          "ExecutionTime": "00:00:00.0425628",
          "CreatedDate": "2016-11-13T14:07:13.0305519+00:00",
          "Reward": -152.06,
          "Steps": 63,
          "SuccessRate": 0.015649452269170579
        },
        {
          "Id": 0,
          "LearningRate": 0.5,
          "ExplorationRate": -1.0,
          "DiscountRate": -1.0,
          "ExecutionTime": "00:00:00.0307619",
          "CreatedDate": "2016-11-13T14:07:13.061574+00:00",
          "Reward": -153.28,
          "Steps": 64,
          "SuccessRate": 0.015527950310559006
        },
        {
          "Id": 0,
          "LearningRate": 0.5,
          "ExplorationRate": -1.0,
          "DiscountRate": -1.0,
          "ExecutionTime": "00:00:00.0569446",
          "CreatedDate": "2016-11-13T14:07:13.1186153+00:00",
          "Reward": -152.64,
          "Steps": 63,
          "SuccessRate": 0.015743073047858942
        },
        {
          "Id": 0,
          "LearningRate": 0.5,
          "ExplorationRate": -1.0,
          "DiscountRate": -1.0,
          "ExecutionTime": "00:00:00.0223097",
          "CreatedDate": "2016-11-13T14:07:13.1411307+00:00",
          "Reward": -149.06,
          "Steps": 62,
          "SuccessRate": 0.01610305958132045
        },
        {
          "Id": 0,
          "LearningRate": 0.5,
          "ExplorationRate": -1.0,
          "DiscountRate": -1.0,
          "ExecutionTime": "00:00:00.0241173",
          "CreatedDate": "2016-11-13T14:07:13.1651482+00:00",
          "Reward": -156.32,
          "Steps": 66,
          "SuccessRate": 0.015042117930204572
        },
        {
          "Id": 0,
          "LearningRate": 0.5,
          "ExplorationRate": -1.0,
          "DiscountRate": -1.0,
          "ExecutionTime": "00:00:00.0230538",
          "CreatedDate": "2016-11-13T14:07:13.1881642+00:00",
          "Reward": -150.14,
          "Steps": 62,
          "SuccessRate": 0.015888147442008262
        },
        {
          "Id": 0,
          "LearningRate": 0.5,
          "ExplorationRate": -1.0,
          "DiscountRate": -1.0,
          "ExecutionTime": "00:00:00.0440541",
          "CreatedDate": "2016-11-13T14:07:13.2321959+00:00",
          "Reward": -155.78,
          "Steps": 65,
          "SuccessRate": 0.015313935681470138
        },
        {
          "Id": 0,
          "LearningRate": 0.5,
          "ExplorationRate": -1.0,
          "DiscountRate": -1.0,
          "ExecutionTime": "00:00:00.0246103",
          "CreatedDate": "2016-11-13T14:07:13.2567131+00:00",
          "Reward": -162.62,
          "Steps": 68,
          "SuccessRate": 0.014573010784027981
        },
        {
          "Id": 0,
          "LearningRate": 0.5,
          "ExplorationRate": -1.0,
          "DiscountRate": -1.0,
          "ExecutionTime": "00:00:00.0241058",
          "CreatedDate": "2016-11-13T14:07:13.2812303+00:00",
          "Reward": -154.26,
          "Steps": 64,
          "SuccessRate": 0.015389350569405972
        },
        {
          "Id": 0,
          "LearningRate": 0.5,
          "ExplorationRate": -1.0,
          "DiscountRate": -1.0,
          "ExecutionTime": "00:00:00.0224980",
          "CreatedDate": "2016-11-13T14:07:13.3037461+00:00",
          "Reward": -147.4,
          "Steps": 62,
          "SuccessRate": 0.01599488163787588
        }
      ],
      "RacetrackType": "Q",
      "Id": 7
    },
    {
      "Name": "f0354891-6886-462b-a6f1-e1164df407a0",
      "ExecutionTime": "00:00:02.6429655",
      "CreatedDate": "2016-11-13T14:14:08.8692069+00:00",
      "RunResults": [
        {
          "Id": 0,
          "LearningRate": 0.5,
          "ExplorationRate": -1.0,
          "DiscountRate": -1.0,
          "ExecutionTime": "00:00:00.0413086",
          "CreatedDate": "2016-11-13T14:14:09.834394+00:00",
          "Reward": 0.0,
          "Steps": 0,
          "SuccessRate": 0.0
        },
        {
          "Id": 0,
          "LearningRate": 0.5,
          "ExplorationRate": -1.0,
          "DiscountRate": -1.0,
          "ExecutionTime": "00:00:00.0243928",
          "CreatedDate": "2016-11-13T14:14:09.859411+00:00",
          "Reward": 0.0,
          "Steps": 0,
          "SuccessRate": 0.0
        },
        {
          "Id": 0,
          "LearningRate": 0.5,
          "ExplorationRate": -1.0,
          "DiscountRate": -1.0,
          "ExecutionTime": "00:00:00.5736389",
          "CreatedDate": "2016-11-13T14:14:10.4328174+00:00",
          "Reward": 0.0,
          "Steps": 0,
          "SuccessRate": 0.0
        },
        {
          "Id": 0,
          "LearningRate": 0.5,
          "ExplorationRate": -1.0,
          "DiscountRate": -1.0,
          "ExecutionTime": "00:00:00.0164333",
          "CreatedDate": "2016-11-13T14:14:10.4493479+00:00",
          "Reward": 0.0,
          "Steps": 0,
          "SuccessRate": 0.0
        },
        {
          "Id": 0,
          "LearningRate": 0.5,
          "ExplorationRate": -1.0,
          "DiscountRate": -1.0,
          "ExecutionTime": "00:00:00.0141951",
          "CreatedDate": "2016-11-13T14:14:10.4633393+00:00",
          "Reward": 0.0,
          "Steps": 0,
          "SuccessRate": 0.0
        },
        {
          "Id": 0,
          "LearningRate": 0.5,
          "ExplorationRate": -1.0,
          "DiscountRate": -1.0,
          "ExecutionTime": "00:00:00.5058337",
          "CreatedDate": "2016-11-13T14:14:10.9692314+00:00",
          "Reward": 0.0,
          "Steps": 0,
          "SuccessRate": 0.0
        },
        {
          "Id": 0,
          "LearningRate": 0.5,
          "ExplorationRate": -1.0,
          "DiscountRate": -1.0,
          "ExecutionTime": "00:00:00.0135342",
          "CreatedDate": "2016-11-13T14:14:10.9827369+00:00",
          "Reward": 0.0,
          "Steps": 0,
          "SuccessRate": 0.0
        },
        {
          "Id": 0,
          "LearningRate": 0.5,
          "ExplorationRate": -1.0,
          "DiscountRate": -1.0,
          "ExecutionTime": "00:00:00.0145555",
          "CreatedDate": "2016-11-13T14:14:10.997249+00:00",
          "Reward": 0.0,
          "Steps": 0,
          "SuccessRate": 0.0
        },
        {
          "Id": 0,
          "LearningRate": 0.5,
          "ExplorationRate": -1.0,
          "DiscountRate": -1.0,
          "ExecutionTime": "00:00:00.5018849",
          "CreatedDate": "2016-11-13T14:14:11.4991221+00:00",
          "Reward": 0.0,
          "Steps": 0,
          "SuccessRate": 0.0
        },
        {
          "Id": 0,
          "LearningRate": 0.5,
          "ExplorationRate": -1.0,
          "DiscountRate": -1.0,
          "ExecutionTime": "00:00:00.0136629",
          "CreatedDate": "2016-11-13T14:14:11.5131321+00:00",
          "Reward": 0.0,
          "Steps": 0,
          "SuccessRate": 0.0
        }
      ],
      "RacetrackType": "Q",
      "Id": 8
    },
    {
      "Name": "43615102-eff2-4011-9087-dfc1b9d26bcf",
      "ExecutionTime": "00:00:04.2433864",
      "CreatedDate": "2016-11-13T14:16:43.0243641+00:00",
      "RunResults": [
        {
          "Id": 0,
          "LearningRate": 0.5,
          "ExplorationRate": -1.0,
          "DiscountRate": -1.0,
          "ExecutionTime": "00:00:00.7491704",
          "CreatedDate": "2016-11-13T14:16:44.0155681+00:00",
          "Reward": -144.43067255627619,
          "Steps": 61,
          "SuccessRate": 0.99999809265136719
        },
        {
          "Id": 0,
          "LearningRate": 0.5,
          "ExplorationRate": -1.0,
          "DiscountRate": -1.0,
          "ExecutionTime": "00:00:00.7026501",
          "CreatedDate": "2016-11-13T14:16:44.7185676+00:00",
          "Reward": -175.95942668896569,
          "Steps": 77,
          "SuccessRate": 0.999999999998181
        },
        {
          "Id": 0,
          "LearningRate": 0.5,
          "ExplorationRate": -1.0,
          "DiscountRate": -1.0,
          "ExecutionTime": "00:00:00.7055919",
          "CreatedDate": "2016-11-13T14:16:45.4240688+00:00",
          "Reward": -136.97736492122425,
          "Steps": 56,
          "SuccessRate": 0.99999999906867743
        },
        {
          "Id": 0,
          "LearningRate": 0.5,
          "ExplorationRate": -1.0,
          "DiscountRate": -1.0,
          "ExecutionTime": "00:00:00.0221968",
          "CreatedDate": "2016-11-13T14:16:45.446585+00:00",
          "Reward": -128.05572508638375,
          "Steps": 53,
          "SuccessRate": 1.0
        },
        {
          "Id": 0,
          "LearningRate": 0.5,
          "ExplorationRate": -1.0,
          "DiscountRate": -1.0,
          "ExecutionTime": "00:00:00.0217673",
          "CreatedDate": "2016-11-13T14:16:45.4681024+00:00",
          "Reward": -133.27338767272244,
          "Steps": 55,
          "SuccessRate": 1.0
        },
        {
          "Id": 0,
          "LearningRate": 0.5,
          "ExplorationRate": -1.0,
          "DiscountRate": -1.0,
          "ExecutionTime": "00:00:00.5257800",
          "CreatedDate": "2016-11-13T14:16:45.9939737+00:00",
          "Reward": -6339.8172285249011,
          "Steps": 1311,
          "SuccessRate": 0.875
        },
        {
          "Id": 0,
          "LearningRate": 0.5,
          "ExplorationRate": -1.0,
          "DiscountRate": -1.0,
          "ExecutionTime": "00:00:00.0146064",
          "CreatedDate": "2016-11-13T14:16:46.008485+00:00",
          "Reward": -131.91431846406931,
          "Steps": 54,
          "SuccessRate": 1.0
        },
        {
          "Id": 0,
          "LearningRate": 0.5,
          "ExplorationRate": -1.0,
          "DiscountRate": -1.0,
          "ExecutionTime": "00:00:00.0178399",
          "CreatedDate": "2016-11-13T14:16:46.0264974+00:00",
          "Reward": -131.04088983841081,
          "Steps": 55,
          "SuccessRate": 1.0
        },
        {
          "Id": 0,
          "LearningRate": 0.5,
          "ExplorationRate": -1.0,
          "DiscountRate": -1.0,
          "ExecutionTime": "00:00:00.6957107",
          "CreatedDate": "2016-11-13T14:16:46.7219914+00:00",
          "Reward": -12534.823112026956,
          "Steps": 2562,
          "SuccessRate": 0.75
        },
        {
          "Id": 0,
          "LearningRate": 0.5,
          "ExplorationRate": -1.0,
          "DiscountRate": -1.0,
          "ExecutionTime": "00:00:00.5466134",
          "CreatedDate": "2016-11-13T14:16:47.2688957+00:00",
          "Reward": -148.42323353162166,
          "Steps": 62,
          "SuccessRate": 0.99999904632568359
        }
      ],
      "RacetrackType": "Q",
      "Id": 9
    },
    {
      "Name": "2a363dee-cd0d-4f48-baa7-7e4901bebfb4",
      "ExecutionTime": "00:01:15.1861157",
      "CreatedDate": "2016-11-13T14:17:04.3402186+00:00",
      "RunResults": [
        {
          "Id": 0,
          "LearningRate": 0.5,
          "ExplorationRate": -1.0,
          "DiscountRate": -1.0,
          "ExecutionTime": "00:00:00.0656616",
          "CreatedDate": "2016-11-13T14:17:04.5813901+00:00",
          "Reward": -133.85157371034245,
          "Steps": 54,
          "SuccessRate": 1.0
        },
        {
          "Id": 0,
          "LearningRate": 0.5,
          "ExplorationRate": -1.0,
          "DiscountRate": -1.0,
          "ExecutionTime": "00:00:00.6933188",
          "CreatedDate": "2016-11-13T14:18:14.4017989+00:00",
          "Reward": -163.32276515843608,
          "Steps": 70,
          "SuccessRate": 0.9999995231628418
        },
        {
          "Id": 0,
          "LearningRate": 0.5,
          "ExplorationRate": -1.0,
          "DiscountRate": -1.0,
          "ExecutionTime": "00:00:00.0198456",
          "CreatedDate": "2016-11-13T14:18:18.9099514+00:00",
          "Reward": -180.85834408087359,
          "Steps": 71,
          "SuccessRate": 1.0
        },
        {
          "Id": 0,
          "LearningRate": 0.5,
          "ExplorationRate": -1.0,
          "DiscountRate": -1.0,
          "ExecutionTime": "00:00:00.0133301",
          "CreatedDate": "2016-11-13T14:18:18.923462+00:00",
          "Reward": -138.73103682772182,
          "Steps": 58,
          "SuccessRate": 1.0
        },
        {
          "Id": 0,
          "LearningRate": 0.5,
          "ExplorationRate": -1.0,
          "DiscountRate": -1.0,
          "ExecutionTime": "00:00:00.0171893",
          "CreatedDate": "2016-11-13T14:18:18.9404737+00:00",
          "Reward": -141.01476099858488,
          "Steps": 57,
          "SuccessRate": 1.0
        },
        {
          "Id": 0,
          "LearningRate": 0.5,
          "ExplorationRate": -1.0,
          "DiscountRate": -1.0,
          "ExecutionTime": "00:00:00.0168905",
          "CreatedDate": "2016-11-13T14:18:18.9574862+00:00",
          "Reward": -136.99897185827661,
          "Steps": 54,
          "SuccessRate": 1.0
        },
        {
          "Id": 0,
          "LearningRate": 0.5,
          "ExplorationRate": -1.0,
          "DiscountRate": -1.0,
          "ExecutionTime": "00:00:00.5268478",
          "CreatedDate": "2016-11-13T14:18:19.4843601+00:00",
          "Reward": -1688.8852450322643,
          "Steps": 373,
          "SuccessRate": 0.96875
        },
        {
          "Id": 0,
          "LearningRate": 0.5,
          "ExplorationRate": -1.0,
          "DiscountRate": -1.0,
          "ExecutionTime": "00:00:00.0144102",
          "CreatedDate": "2016-11-13T14:18:19.4988695+00:00",
          "Reward": -151.19109587269222,
          "Steps": 64,
          "SuccessRate": 1.0
        },
        {
          "Id": 0,
          "LearningRate": 0.5,
          "ExplorationRate": -1.0,
          "DiscountRate": -1.0,
          "ExecutionTime": "00:00:00.0156418",
          "CreatedDate": "2016-11-13T14:18:19.5144032+00:00",
          "Reward": -152.64161475096805,
          "Steps": 63,
          "SuccessRate": 1.0
        },
        {
          "Id": 0,
          "LearningRate": 0.5,
          "ExplorationRate": -1.0,
          "DiscountRate": -1.0,
          "ExecutionTime": "00:00:00.0148184",
          "CreatedDate": "2016-11-13T14:18:19.5293933+00:00",
          "Reward": -129.85504556896152,
          "Steps": 55,
          "SuccessRate": 1.0
        }
      ],
      "RacetrackType": "Q",
      "Id": 10
    },
    {
      "Name": "d6925b2a-b5e1-4552-9744-eae31e0248b6",
      "ExecutionTime": "00:00:02.7921840",
      "CreatedDate": "2016-11-13T14:20:01.3308569+00:00",
      "RunResults": [
        {
          "Id": 0,
          "LearningRate": 0.5,
          "ExplorationRate": -1.0,
          "DiscountRate": -1.0,
          "ExecutionTime": "00:00:00.1113529",
          "CreatedDate": "2016-11-13T14:20:02.6903251+00:00",
          "Reward": -157.9943172412944,
          "Steps": 65,
          "SuccessRate": 1.0
        },
        {
          "Id": 0,
          "LearningRate": 0.5,
          "ExplorationRate": -1.0,
          "DiscountRate": -1.0,
          "ExecutionTime": "00:00:00.7292276",
          "CreatedDate": "2016-11-13T14:20:03.4203422+00:00",
          "Reward": -185.50831865128441,
          "Steps": 66,
          "SuccessRate": 0.9990234375
        },
        {
          "Id": 0,
          "LearningRate": 0.5,
          "ExplorationRate": -1.0,
          "DiscountRate": -1.0,
          "ExecutionTime": "00:00:00.0354674",
          "CreatedDate": "2016-11-13T14:20:03.4558673+00:00",
          "Reward": -163.03518755804095,
          "Steps": 71,
          "SuccessRate": 1.0
        },
        {
          "Id": 0,
          "LearningRate": 0.5,
          "ExplorationRate": -1.0,
          "DiscountRate": -1.0,
          "ExecutionTime": "00:00:00.0276816",
          "CreatedDate": "2016-11-13T14:20:03.4833867+00:00",
          "Reward": -143.36349479444448,
          "Steps": 60,
          "SuccessRate": 1.0
        },
        {
          "Id": 0,
          "LearningRate": 0.5,
          "ExplorationRate": -1.0,
          "DiscountRate": -1.0,
          "ExecutionTime": "00:00:00.0267270",
          "CreatedDate": "2016-11-13T14:20:03.5099053+00:00",
          "Reward": -146.934481232552,
          "Steps": 59,
          "SuccessRate": 1.0
        },
        {
          "Id": 0,
          "LearningRate": 0.5,
          "ExplorationRate": -1.0,
          "DiscountRate": -1.0,
          "ExecutionTime": "00:00:00.5495871",
          "CreatedDate": "2016-11-13T14:20:04.0597956+00:00",
          "Reward": -148.54605677752758,
          "Steps": 64,
          "SuccessRate": 0.9999997615814209
        },
        {
          "Id": 0,
          "LearningRate": 0.5,
          "ExplorationRate": -1.0,
          "DiscountRate": -1.0,
          "ExecutionTime": "00:00:00.0193660",
          "CreatedDate": "2016-11-13T14:20:04.0793105+00:00",
          "Reward": -140.29490583314944,
          "Steps": 59,
          "SuccessRate": 1.0
        },
        {
          "Id": 0,
          "LearningRate": 0.5,
          "ExplorationRate": -1.0,
          "DiscountRate": -1.0,
          "ExecutionTime": "00:00:00.0150323",
          "CreatedDate": "2016-11-13T14:20:04.0943207+00:00",
          "Reward": -176.18184409759758,
          "Steps": 71,
          "SuccessRate": 1.0
        },
        {
          "Id": 0,
          "LearningRate": 0.5,
          "ExplorationRate": -1.0,
          "DiscountRate": -1.0,
          "ExecutionTime": "00:00:00.0154942",
          "CreatedDate": "2016-11-13T14:20:04.1098501+00:00",
          "Reward": -183.60924539996518,
          "Steps": 78,
          "SuccessRate": 1.0
        },
        {
          "Id": 0,
          "LearningRate": 0.5,
          "ExplorationRate": -1.0,
          "DiscountRate": -1.0,
          "ExecutionTime": "00:00:00.0146005",
          "CreatedDate": "2016-11-13T14:20:04.1243413+00:00",
          "Reward": -225.01832904782731,
          "Steps": 91,
          "SuccessRate": 1.0
        }
      ],
      "RacetrackType": "Q",
      "Id": 11
    },
    {
      "Name": "d5212f56-0be9-435c-9c43-4e6fa4074267",
      "ExecutionTime": "00:00:03.6533602",
      "CreatedDate": "2016-11-13T14:36:49.8931466+00:00",
      "RunResults": [
        {
          "Id": 0,
          "LearningRate": 0.5,
          "ExplorationRate": -1.0,
          "DiscountRate": -1.0,
          "ExecutionTime": "00:00:00.0727084",
          "CreatedDate": "2016-11-13T14:36:50.6616933+00:00",
          "Reward": -130.32909906457189,
          "Steps": 55,
          "SuccessRate": 1.0
        },
        {
          "Id": 0,
          "LearningRate": 0.5,
          "ExplorationRate": -1.0,
          "DiscountRate": -1.0,
          "ExecutionTime": "00:00:00.0370744",
          "CreatedDate": "2016-11-13T14:36:50.6992198+00:00",
          "Reward": -154.21371766054523,
          "Steps": 63,
          "SuccessRate": 1.0
        },
        {
          "Id": 0,
          "LearningRate": 0.5,
          "ExplorationRate": -1.0,
          "DiscountRate": -1.0,
          "ExecutionTime": "00:00:00.0405250",
          "CreatedDate": "2016-11-13T14:36:50.7397488+00:00",
          "Reward": -151.83445277260407,
          "Steps": 63,
          "SuccessRate": 1.0
        },
        {
          "Id": 0,
          "LearningRate": 0.5,
          "ExplorationRate": -1.0,
          "DiscountRate": -1.0,
          "ExecutionTime": "00:00:00.0227289",
          "CreatedDate": "2016-11-13T14:36:50.7627655+00:00",
          "Reward": -181.68156827841972,
          "Steps": 78,
          "SuccessRate": 1.0
        },
        {
          "Id": 0,
          "LearningRate": 0.5,
          "ExplorationRate": -1.0,
          "DiscountRate": -1.0,
          "ExecutionTime": "00:00:00.0261507",
          "CreatedDate": "2016-11-13T14:36:50.7887836+00:00",
          "Reward": -267.73890127908379,
          "Steps": 113,
          "SuccessRate": 1.0
        },
        {
          "Id": 0,
          "LearningRate": 0.5,
          "ExplorationRate": -1.0,
          "DiscountRate": -1.0,
          "ExecutionTime": "00:00:00.0240837",
          "CreatedDate": "2016-11-13T14:36:50.8128007+00:00",
          "Reward": -135.10104151469139,
          "Steps": 55,
          "SuccessRate": 1.0
        },
        {
          "Id": 0,
          "LearningRate": 0.5,
          "ExplorationRate": -1.0,
          "DiscountRate": -1.0,
          "ExecutionTime": "00:00:01.2600479",
          "CreatedDate": "2016-11-13T14:36:52.0731969+00:00",
          "Reward": -165.10677691349773,
          "Steps": 62,
          "SuccessRate": 0.99951171874909051
        },
        {
          "Id": 0,
          "LearningRate": 0.5,
          "ExplorationRate": -1.0,
          "DiscountRate": -1.0,
          "ExecutionTime": "00:00:00.0146040",
          "CreatedDate": "2016-11-13T14:36:52.0877251+00:00",
          "Reward": -125.47163751974883,
          "Steps": 54,
          "SuccessRate": 1.0
        },
        {
          "Id": 0,
          "LearningRate": 0.5,
          "ExplorationRate": -1.0,
          "DiscountRate": -1.0,
          "ExecutionTime": "00:00:00.7776975",
          "CreatedDate": "2016-11-13T14:36:52.8652597+00:00",
          "Reward": -185.76351677574462,
          "Steps": 76,
          "SuccessRate": 0.99999999999999822
        },
        {
          "Id": 0,
          "LearningRate": 0.5,
          "ExplorationRate": -1.0,
          "DiscountRate": -1.0,
          "ExecutionTime": "00:00:00.6820086",
          "CreatedDate": "2016-11-13T14:36:53.5472447+00:00",
          "Reward": -1683.9302211997067,
          "Steps": 370,
          "SuccessRate": 0.96875
        }
      ],
      "RacetrackType": "Q",
      "Id": 12
    },
    {
      "Name": "3faa39b0-0ce4-49b3-9e55-a5b84dacbf9a",
      "ExecutionTime": "00:00:03.1978357",
      "CreatedDate": "2016-11-13T14:46:53.6913096+00:00",
      "RunResults": [
        {
          "Id": 0,
          "LearningRate": 0.5,
          "ExplorationRate": -1.0,
          "DiscountRate": -1.0,
          "ExecutionTime": "00:00:00.0617121",
          "CreatedDate": "2016-11-13T14:46:54.0085395+00:00",
          "Reward": -152.18,
          "Steps": 64,
          "SuccessRate": 1.0
        },
        {
          "Id": 0,
          "LearningRate": 0.5,
          "ExplorationRate": -1.0,
          "DiscountRate": -1.0,
          "ExecutionTime": "00:00:00.0264069",
          "CreatedDate": "2016-11-13T14:46:54.0355551+00:00",
          "Reward": -157.5,
          "Steps": 66,
          "SuccessRate": 1.0
        },
        {
          "Id": 0,
          "LearningRate": 0.5,
          "ExplorationRate": -1.0,
          "DiscountRate": -1.0,
          "ExecutionTime": "00:00:00.6401414",
          "CreatedDate": "2016-11-13T14:46:54.6755086+00:00",
          "Reward": -1139.86,
          "Steps": 262,
          "SuccessRate": 0.98
        },
        {
          "Id": 0,
          "LearningRate": 0.5,
          "ExplorationRate": -1.0,
          "DiscountRate": -1.0,
          "ExecutionTime": "00:00:00.6851975",
          "CreatedDate": "2016-11-13T14:46:55.3604962+00:00",
          "Reward": -1134.64,
          "Steps": 260,
          "SuccessRate": 0.98
        },
        {
          "Id": 0,
          "LearningRate": 0.5,
          "ExplorationRate": -1.0,
          "DiscountRate": -1.0,
          "ExecutionTime": "00:00:00.0244967",
          "CreatedDate": "2016-11-13T14:46:55.3850138+00:00",
          "Reward": -163.22,
          "Steps": 68,
          "SuccessRate": 1.0
        },
        {
          "Id": 0,
          "LearningRate": 0.5,
          "ExplorationRate": -1.0,
          "DiscountRate": -1.0,
          "ExecutionTime": "00:00:00.0176594",
          "CreatedDate": "2016-11-13T14:46:55.4030258+00:00",
          "Reward": -145.68,
          "Steps": 61,
          "SuccessRate": 1.0
        },
        {
          "Id": 0,
          "LearningRate": 0.5,
          "ExplorationRate": -1.0,
          "DiscountRate": -1.0,
          "ExecutionTime": "00:00:00.4873977",
          "CreatedDate": "2016-11-13T14:46:55.8904046+00:00",
          "Reward": -1139.66,
          "Steps": 262,
          "SuccessRate": 0.98
        },
        {
          "Id": 0,
          "LearningRate": 0.5,
          "ExplorationRate": -1.0,
          "DiscountRate": -1.0,
          "ExecutionTime": "00:00:00.0135153",
          "CreatedDate": "2016-11-13T14:46:55.9039144+00:00",
          "Reward": -146.92,
          "Steps": 62,
          "SuccessRate": 1.0
        },
        {
          "Id": 0,
          "LearningRate": 0.5,
          "ExplorationRate": -1.0,
          "DiscountRate": -1.0,
          "ExecutionTime": "00:00:00.4874861",
          "CreatedDate": "2016-11-13T14:46:56.3912608+00:00",
          "Reward": -1141.36,
          "Steps": 262,
          "SuccessRate": 0.98
        },
        {
          "Id": 0,
          "LearningRate": 0.5,
          "ExplorationRate": -1.0,
          "DiscountRate": -1.0,
          "ExecutionTime": "00:00:00.5010330",
          "CreatedDate": "2016-11-13T14:46:56.8920997+00:00",
          "Reward": -1141.66,
          "Steps": 262,
          "SuccessRate": 0.98
        }
      ],
      "RacetrackType": "Q",
      "Id": 13
    },
    {
      "Name": "f93956fa-be6e-4703-8d70-b9a177ffade4",
      "ExecutionTime": "00:00:58.2063301",
      "CreatedDate": "2016-11-13T14:47:31.1813064+00:00",
      "RunResults": [
        {
          "Id": 0,
          "LearningRate": 0.5,
          "ExplorationRate": -1.0,
          "DiscountRate": -1.0,
          "ExecutionTime": "00:00:00.0485919",
          "CreatedDate": "2016-11-13T14:47:38.1652062+00:00",
          "Reward": -152.12,
          "Steps": 63,
          "SuccessRate": 1.0
        },
        {
          "Id": 0,
          "LearningRate": 0.5,
          "ExplorationRate": -1.0,
          "DiscountRate": -1.0,
          "ExecutionTime": "00:00:00.0231971",
          "CreatedDate": "2016-11-13T14:48:27.7728259+00:00",
          "Reward": -151.38,
          "Steps": 64,
          "SuccessRate": 1.0
        },
        {
          "Id": 0,
          "LearningRate": 0.5,
          "ExplorationRate": -1.0,
          "DiscountRate": -1.0,
          "ExecutionTime": "00:00:00.0193577",
          "CreatedDate": "2016-11-13T14:48:27.7918383+00:00",
          "Reward": -148.22,
          "Steps": 62,
          "SuccessRate": 1.0
        },
        {
          "Id": 0,
          "LearningRate": 0.5,
          "ExplorationRate": -1.0,
          "DiscountRate": -1.0,
          "ExecutionTime": "00:00:00.5468127",
          "CreatedDate": "2016-11-13T14:48:28.3387497+00:00",
          "Reward": -1147.22,
          "Steps": 264,
          "SuccessRate": 0.98
        },
        {
          "Id": 0,
          "LearningRate": 0.5,
          "ExplorationRate": -1.0,
          "DiscountRate": -1.0,
          "ExecutionTime": "00:00:00.0146301",
          "CreatedDate": "2016-11-13T14:48:28.3532381+00:00",
          "Reward": -152.36,
          "Steps": 64,
          "SuccessRate": 1.0
        },
        {
          "Id": 0,
          "LearningRate": 0.5,
          "ExplorationRate": -1.0,
          "DiscountRate": -1.0,
          "ExecutionTime": "00:00:00.5017377",
          "CreatedDate": "2016-11-13T14:48:28.8550974+00:00",
          "Reward": -1145.14,
          "Steps": 264,
          "SuccessRate": 0.98
        },
        {
          "Id": 0,
          "LearningRate": 0.5,
          "ExplorationRate": -1.0,
          "DiscountRate": -1.0,
          "ExecutionTime": "00:00:00.0164574",
          "CreatedDate": "2016-11-13T14:48:28.8716058+00:00",
          "Reward": -156.92,
          "Steps": 66,
          "SuccessRate": 1.0
        },
        {
          "Id": 0,
          "LearningRate": 0.5,
          "ExplorationRate": -1.0,
          "DiscountRate": -1.0,
          "ExecutionTime": "00:00:00.0158736",
          "CreatedDate": "2016-11-13T14:48:28.8876184+00:00",
          "Reward": -158.56,
          "Steps": 66,
          "SuccessRate": 1.0
        },
        {
          "Id": 0,
          "LearningRate": 0.5,
          "ExplorationRate": -1.0,
          "DiscountRate": -1.0,
          "ExecutionTime": "00:00:00.4904800",
          "CreatedDate": "2016-11-13T14:48:29.3779666+00:00",
          "Reward": -1151.28,
          "Steps": 266,
          "SuccessRate": 0.98
        },
        {
          "Id": 0,
          "LearningRate": 0.5,
          "ExplorationRate": -1.0,
          "DiscountRate": -1.0,
          "ExecutionTime": "00:00:00.0148026",
          "CreatedDate": "2016-11-13T14:48:29.3929776+00:00",
          "Reward": -158.78,
          "Steps": 67,
          "SuccessRate": 1.0
        }
      ],
      "RacetrackType": "Q",
      "Id": 14
    },
    {
      "Name": "1171f478-80a2-4321-803a-86ecdd127032",
      "ExecutionTime": "00:00:02.6426284",
      "CreatedDate": "2016-11-13T14:52:36.769941+00:00",
      "RunResults": [
        {
          "Id": 0,
          "LearningRate": 0.5,
          "ExplorationRate": -1.0,
          "DiscountRate": -1.0,
          "ExecutionTime": "00:00:00.0511610",
          "CreatedDate": "2016-11-13T14:52:37.0361299+00:00",
          "Reward": -154.78,
          "Steps": 65,
          "SuccessRate": 1.0
        },
        {
          "Id": 0,
          "LearningRate": 0.5,
          "ExplorationRate": -1.0,
          "DiscountRate": -1.0,
          "ExecutionTime": "00:00:00.6399839",
          "CreatedDate": "2016-11-13T14:52:37.6770849+00:00",
          "Reward": -1151.08,
          "Steps": 266,
          "SuccessRate": 0.98
        },
        {
          "Id": 0,
          "LearningRate": 0.5,
          "ExplorationRate": -1.0,
          "DiscountRate": -1.0,
          "ExecutionTime": "00:00:00.0245117",
          "CreatedDate": "2016-11-13T14:52:37.7016021+00:00",
          "Reward": -155.56,
          "Steps": 65,
          "SuccessRate": 1.0
        },
        {
          "Id": 0,
          "LearningRate": 0.5,
          "ExplorationRate": -1.0,
          "DiscountRate": -1.0,
          "ExecutionTime": "00:00:00.0422315",
          "CreatedDate": "2016-11-13T14:52:37.743632+00:00",
          "Reward": -160.12,
          "Steps": 67,
          "SuccessRate": 1.0
        },
        {
          "Id": 0,
          "LearningRate": 0.5,
          "ExplorationRate": -1.0,
          "DiscountRate": -1.0,
          "ExecutionTime": "00:00:00.0234525",
          "CreatedDate": "2016-11-13T14:52:37.7671489+00:00",
          "Reward": -151.12,
          "Steps": 63,
          "SuccessRate": 1.0
        },
        {
          "Id": 0,
          "LearningRate": 0.5,
          "ExplorationRate": -1.0,
          "DiscountRate": -1.0,
          "ExecutionTime": "00:00:00.6366375",
          "CreatedDate": "2016-11-13T14:52:38.4036013+00:00",
          "Reward": -1141.38,
          "Steps": 262,
          "SuccessRate": 0.98
        },
        {
          "Id": 0,
          "LearningRate": 0.5,
          "ExplorationRate": -1.0,
          "DiscountRate": -1.0,
          "ExecutionTime": "00:00:00.4858352",
          "CreatedDate": "2016-11-13T14:52:38.8894647+00:00",
          "Reward": -1137.66,
          "Steps": 261,
          "SuccessRate": 0.98
        },
        {
          "Id": 0,
          "LearningRate": 0.5,
          "ExplorationRate": -1.0,
          "DiscountRate": -1.0,
          "ExecutionTime": "00:00:00.0170345",
          "CreatedDate": "2016-11-13T14:52:38.9064772+00:00",
          "Reward": -163.9,
          "Steps": 68,
          "SuccessRate": 1.0
        },
        {
          "Id": 0,
          "LearningRate": 0.5,
          "ExplorationRate": -1.0,
          "DiscountRate": -1.0,
          "ExecutionTime": "00:00:00.0145855",
          "CreatedDate": "2016-11-13T14:52:38.9209707+00:00",
          "Reward": -155.46,
          "Steps": 64,
          "SuccessRate": 1.0
        },
        {
          "Id": 0,
          "LearningRate": 0.5,
          "ExplorationRate": -1.0,
          "DiscountRate": -1.0,
          "ExecutionTime": "00:00:00.4923207",
          "CreatedDate": "2016-11-13T14:52:39.4133373+00:00",
          "Reward": -1143.66,
          "Steps": 263,
          "SuccessRate": 0.98
        }
      ],
      "RacetrackType": "Q",
      "Id": 15
    },
    {
      "Name": "a6bb71af-b17c-41ae-aa47-3370f1524cb3",
      "ExecutionTime": "00:00:02.3387330",
      "CreatedDate": "2016-11-13T15:07:11.255669+00:00",
      "RunResults": [
        {
          "Id": 0,
          "LearningRate": 0.5,
          "ExplorationRate": -1.0,
          "DiscountRate": -1.0,
          "ExecutionTime": "00:00:00.0419935",
          "CreatedDate": "2016-11-13T15:07:12.195843+00:00",
          "Reward": -161.28,
          "Steps": 67,
          "SuccessRate": 1.0
        },
        {
          "Id": 0,
          "LearningRate": 0.5,
          "ExplorationRate": -1.0,
          "DiscountRate": -1.0,
          "ExecutionTime": "00:00:00.0236250",
          "CreatedDate": "2016-11-13T15:07:12.2198597+00:00",
          "Reward": -158.16,
          "Steps": 66,
          "SuccessRate": 1.0
        },
        {
          "Id": 0,
          "LearningRate": 0.5,
          "ExplorationRate": -1.0,
          "DiscountRate": -1.0,
          "ExecutionTime": "00:00:00.0416663",
          "CreatedDate": "2016-11-13T15:07:12.2613894+00:00",
          "Reward": -146.64,
          "Steps": 61,
          "SuccessRate": 1.0
        },
        {
          "Id": 0,
          "LearningRate": 0.5,
          "ExplorationRate": -1.0,
          "DiscountRate": -1.0,
          "ExecutionTime": "00:00:00.6740925",
          "CreatedDate": "2016-11-13T15:07:12.9358689+00:00",
          "Reward": -1155.3,
          "Steps": 268,
          "SuccessRate": 0.98
        },
        {
          "Id": 0,
          "LearningRate": 0.5,
          "ExplorationRate": -1.0,
          "DiscountRate": -1.0,
          "ExecutionTime": "00:00:00.0259857",
          "CreatedDate": "2016-11-13T15:07:12.961887+00:00",
          "Reward": -164.72,
          "Steps": 69,
          "SuccessRate": 1.0
        },
        {
          "Id": 0,
          "LearningRate": 0.5,
          "ExplorationRate": -1.0,
          "DiscountRate": -1.0,
          "ExecutionTime": "00:00:00.0233171",
          "CreatedDate": "2016-11-13T15:07:12.9849049+00:00",
          "Reward": -148.56,
          "Steps": 62,
          "SuccessRate": 1.0
        },
        {
          "Id": 0,
          "LearningRate": 0.5,
          "ExplorationRate": -1.0,
          "DiscountRate": -1.0,
          "ExecutionTime": "00:00:00.5673654",
          "CreatedDate": "2016-11-13T15:07:13.5523256+00:00",
          "Reward": -1141.32,
          "Steps": 262,
          "SuccessRate": 0.98
        },
        {
          "Id": 0,
          "LearningRate": 0.5,
          "ExplorationRate": -1.0,
          "DiscountRate": -1.0,
          "ExecutionTime": "00:00:00.0145819",
          "CreatedDate": "2016-11-13T15:07:13.5668349+00:00",
          "Reward": -155.4,
          "Steps": 65,
          "SuccessRate": 1.0
        },
        {
          "Id": 0,
          "LearningRate": 0.5,
          "ExplorationRate": -1.0,
          "DiscountRate": -1.0,
          "ExecutionTime": "00:00:00.0131387",
          "CreatedDate": "2016-11-13T15:07:13.5803459+00:00",
          "Reward": -146.42,
          "Steps": 61,
          "SuccessRate": 1.0
        },
        {
          "Id": 0,
          "LearningRate": 0.5,
          "ExplorationRate": -1.0,
          "DiscountRate": -1.0,
          "ExecutionTime": "00:00:00.0151575",
          "CreatedDate": "2016-11-13T15:07:13.5953376+00:00",
          "Reward": -163.34,
          "Steps": 69,
          "SuccessRate": 1.0
        }
      ],
      "RacetrackType": "Q",
      "Id": 16
    },
    {
      "Name": "6e102837-ec09-446f-8072-a22e1212927e",
      "ExecutionTime": "00:00:00.9812051",
      "CreatedDate": "2016-11-13T15:09:18.7499288+00:00",
      "RunResults": [
        {
          "Id": 0,
          "LearningRate": 0.5,
          "ExplorationRate": -1.0,
          "DiscountRate": -1.0,
          "ExecutionTime": "00:00:00.0432204",
          "CreatedDate": "2016-11-13T15:09:18.9480685+00:00",
          "Reward": -153.68,
          "Steps": 65,
          "SuccessRate": 1.0
        },
        {
          "Id": 0,
          "LearningRate": 0.5,
          "ExplorationRate": -1.0,
          "DiscountRate": -1.0,
          "ExecutionTime": "00:00:00.0165474",
          "CreatedDate": "2016-11-13T15:09:18.9650813+00:00",
          "Reward": -154.7,
          "Steps": 64,
          "SuccessRate": 1.0
        },
        {
          "Id": 0,
          "LearningRate": 0.5,
          "ExplorationRate": -1.0,
          "DiscountRate": -1.0,
          "ExecutionTime": "00:00:00.0213039",
          "CreatedDate": "2016-11-13T15:09:18.9865996+00:00",
          "Reward": -152.2,
          "Steps": 63,
          "SuccessRate": 1.0
        },
        {
          "Id": 0,
          "LearningRate": 0.5,
          "ExplorationRate": -1.0,
          "DiscountRate": -1.0,
          "ExecutionTime": "00:00:00.0180759",
          "CreatedDate": "2016-11-13T15:09:19.0046108+00:00",
          "Reward": -154.84,
          "Steps": 65,
          "SuccessRate": 1.0
        },
        {
          "Id": 0,
          "LearningRate": 0.5,
          "ExplorationRate": -1.0,
          "DiscountRate": -1.0,
          "ExecutionTime": "00:00:00.0212904",
          "CreatedDate": "2016-11-13T15:09:19.0261247+00:00",
          "Reward": -159.52,
          "Steps": 66,
          "SuccessRate": 1.0
        },
        {
          "Id": 0,
          "LearningRate": 0.5,
          "ExplorationRate": -1.0,
          "DiscountRate": -1.0,
          "ExecutionTime": "00:00:00.5960773",
          "CreatedDate": "2016-11-13T15:09:19.6220478+00:00",
          "Reward": -1140.44,
          "Steps": 262,
          "SuccessRate": 0.98
        },
        {
          "Id": 0,
          "LearningRate": 0.5,
          "ExplorationRate": -1.0,
          "DiscountRate": -1.0,
          "ExecutionTime": "00:00:00.0414294",
          "CreatedDate": "2016-11-13T15:09:19.6635775+00:00",
          "Reward": -160.04,
          "Steps": 67,
          "SuccessRate": 1.0
        },
        {
          "Id": 0,
          "LearningRate": 0.5,
          "ExplorationRate": -1.0,
          "DiscountRate": -1.0,
          "ExecutionTime": "00:00:00.0233238",
          "CreatedDate": "2016-11-13T15:09:19.6865938+00:00",
          "Reward": -153.96,
          "Steps": 64,
          "SuccessRate": 1.0
        },
        {
          "Id": 0,
          "LearningRate": 0.5,
          "ExplorationRate": -1.0,
          "DiscountRate": -1.0,
          "ExecutionTime": "00:00:00.0221688",
          "CreatedDate": "2016-11-13T15:09:19.70911+00:00",
          "Reward": -150.48,
          "Steps": 63,
          "SuccessRate": 1.0
        },
        {
          "Id": 0,
          "LearningRate": 0.5,
          "ExplorationRate": -1.0,
          "DiscountRate": -1.0,
          "ExecutionTime": "00:00:00.0235477",
          "CreatedDate": "2016-11-13T15:09:19.7326258+00:00",
          "Reward": -152.94,
          "Steps": 64,
          "SuccessRate": 1.0
        }
      ],
      "RacetrackType": "Q",
      "Id": 17
    },
    {
      "Name": "c388fe79-3c0d-438d-ba39-31c163530b75",
      "ExecutionTime": "00:00:02.3635084",
      "CreatedDate": "2016-11-13T15:12:04.1914012+00:00",
      "RunResults": [
        {
          "Id": 0,
          "LearningRate": 0.5,
          "ExplorationRate": -1.0,
          "DiscountRate": -1.0,
          "ExecutionTime": "00:00:00.0440241",
          "CreatedDate": "2016-11-13T15:12:04.5036231+00:00",
          "Reward": -153.66,
          "Steps": 64,
          "SuccessRate": 1.0
        },
        {
          "Id": 0,
          "LearningRate": 0.5,
          "ExplorationRate": -1.0,
          "DiscountRate": -1.0,
          "ExecutionTime": "00:00:00.6881574",
          "CreatedDate": "2016-11-13T15:12:05.1921125+00:00",
          "Reward": -1139.98,
          "Steps": 262,
          "SuccessRate": 0.98
        },
        {
          "Id": 0,
          "LearningRate": 0.5,
          "ExplorationRate": -1.0,
          "DiscountRate": -1.0,
          "ExecutionTime": "00:00:00.0225959",
          "CreatedDate": "2016-11-13T15:12:05.214628+00:00",
          "Reward": -151.24,
          "Steps": 63,
          "SuccessRate": 1.0
        },
        {
          "Id": 0,
          "LearningRate": 0.5,
          "ExplorationRate": -1.0,
          "DiscountRate": -1.0,
          "ExecutionTime": "00:00:00.0373441",
          "CreatedDate": "2016-11-13T15:12:05.2521548+00:00",
          "Reward": -149.82,
          "Steps": 62,
          "SuccessRate": 1.0
        },
        {
          "Id": 0,
          "LearningRate": 0.5,
          "ExplorationRate": -1.0,
          "DiscountRate": -1.0,
          "ExecutionTime": "00:00:00.6975767",
          "CreatedDate": "2016-11-13T15:12:05.9496506+00:00",
          "Reward": -1136.9,
          "Steps": 261,
          "SuccessRate": 0.98
        },
        {
          "Id": 0,
          "LearningRate": 0.5,
          "ExplorationRate": -1.0,
          "DiscountRate": -1.0,
          "ExecutionTime": "00:00:00.0236357",
          "CreatedDate": "2016-11-13T15:12:05.9731672+00:00",
          "Reward": -151.36,
          "Steps": 63,
          "SuccessRate": 1.0
        },
        {
          "Id": 0,
          "LearningRate": 0.5,
          "ExplorationRate": -1.0,
          "DiscountRate": -1.0,
          "ExecutionTime": "00:00:00.5365569",
          "CreatedDate": "2016-11-13T15:12:06.5100494+00:00",
          "Reward": -1137.86,
          "Steps": 262,
          "SuccessRate": 0.98
        },
        {
          "Id": 0,
          "LearningRate": 0.5,
          "ExplorationRate": -1.0,
          "DiscountRate": -1.0,
          "ExecutionTime": "00:00:00.0171798",
          "CreatedDate": "2016-11-13T15:12:06.5270619+00:00",
          "Reward": -165.12,
          "Steps": 69,
          "SuccessRate": 1.0
        },
        {
          "Id": 0,
          "LearningRate": 0.5,
          "ExplorationRate": -1.0,
          "DiscountRate": -1.0,
          "ExecutionTime": "00:00:00.0145188",
          "CreatedDate": "2016-11-13T15:12:06.5415716+00:00",
          "Reward": -151.38,
          "Steps": 62,
          "SuccessRate": 1.0
        },
        {
          "Id": 0,
          "LearningRate": 0.5,
          "ExplorationRate": -1.0,
          "DiscountRate": -1.0,
          "ExecutionTime": "00:00:00.0146723",
          "CreatedDate": "2016-11-13T15:12:06.5565823+00:00",
          "Reward": -162.98,
          "Steps": 68,
          "SuccessRate": 1.0
        }
      ],
      "RacetrackType": "Q",
      "Id": 18
    },
    {
      "Name": "87c7d6a8-28b1-4943-bbc5-ec1ae1a8582e",
      "ExecutionTime": "00:00:01.4502316",
      "CreatedDate": "2016-12-01T14:04:48.4420306+00:00",
      "RunResults": [
        {
          "Id": 0,
          "LearningRate": 0.5,
          "ExplorationRate": -1.0,
          "DiscountRate": -1.0,
          "ExecutionTime": "00:00:00.0373298",
          "CreatedDate": "2016-12-01T14:04:49.0324519+00:00",
          "Reward": -167.64,
          "Steps": 70,
          "SuccessRate": 1.0
        },
        {
          "Id": 0,
          "LearningRate": 0.5,
          "ExplorationRate": -1.0,
          "DiscountRate": -1.0,
          "ExecutionTime": "00:00:00.6465278",
          "CreatedDate": "2016-12-01T14:04:49.6799106+00:00",
          "Reward": -1153.06,
          "Steps": 269,
          "SuccessRate": 0.98
        },
        {
          "Id": 0,
          "LearningRate": 0.5,
          "ExplorationRate": -1.0,
          "DiscountRate": -1.0,
          "ExecutionTime": "00:00:00.0248673",
          "CreatedDate": "2016-12-01T14:04:49.7044286+00:00",
          "Reward": -160.12,
          "Steps": 67,
          "SuccessRate": 1.0
        },
        {
          "Id": 0,
          "LearningRate": 0.5,
          "ExplorationRate": -1.0,
          "DiscountRate": -1.0,
          "ExecutionTime": "00:00:00.0396526",
          "CreatedDate": "2016-12-01T14:04:49.7444563+00:00",
          "Reward": -162.58,
          "Steps": 68,
          "SuccessRate": 1.0
        },
        {
          "Id": 0,
          "LearningRate": 0.5,
          "ExplorationRate": -1.0,
          "DiscountRate": -1.0,
          "ExecutionTime": "00:00:00.0235390",
          "CreatedDate": "2016-12-01T14:04:49.7679732+00:00",
          "Reward": -160.36,
          "Steps": 67,
          "SuccessRate": 1.0
        },
        {
          "Id": 0,
          "LearningRate": 0.5,
          "ExplorationRate": -1.0,
          "DiscountRate": -1.0,
          "ExecutionTime": "00:00:00.0237573",
          "CreatedDate": "2016-12-01T14:04:49.7914905+00:00",
          "Reward": -152.56,
          "Steps": 63,
          "SuccessRate": 1.0
        },
        {
          "Id": 0,
          "LearningRate": 0.5,
          "ExplorationRate": -1.0,
          "DiscountRate": -1.0,
          "ExecutionTime": "00:00:00.0268052",
          "CreatedDate": "2016-12-01T14:04:49.8185089+00:00",
          "Reward": -171.66,
          "Steps": 73,
          "SuccessRate": 1.0
        },
        {
          "Id": 0,
          "LearningRate": 0.5,
          "ExplorationRate": -1.0,
          "DiscountRate": -1.0,
          "ExecutionTime": "00:00:00.0275343",
          "CreatedDate": "2016-12-01T14:04:49.8460291+00:00",
          "Reward": -149.74,
          "Steps": 63,
          "SuccessRate": 1.0
        },
        {
          "Id": 0,
          "LearningRate": 0.5,
          "ExplorationRate": -1.0,
          "DiscountRate": -1.0,
          "ExecutionTime": "00:00:00.0234032",
          "CreatedDate": "2016-12-01T14:04:49.8695456+00:00",
          "Reward": -152.1,
          "Steps": 63,
          "SuccessRate": 1.0
        },
        {
          "Id": 0,
          "LearningRate": 0.5,
          "ExplorationRate": -1.0,
          "DiscountRate": -1.0,
          "ExecutionTime": "00:00:00.0243265",
          "CreatedDate": "2016-12-01T14:04:49.893563+00:00",
          "Reward": -159.64,
          "Steps": 66,
          "SuccessRate": 1.0
        }
      ],
      "RacetrackType": "Q",
      "Id": 19
    }
  ]
}