<?xml version="1.0"?>
<doc>
    <assembly>
        <name>Akka.Serialization.Wire</name>
    </assembly>
    <members>
        <member name="T:Akka.Serialization.WireSerializer">
            <summary>
            This is a special <see cref="T:Akka.Serialization.Serializer"/> that serializes and deserializes plain old CLR objects (POCOs).
            </summary>
        </member>
        <member name="M:Akka.Serialization.WireSerializer.#ctor(Akka.Actor.ExtendedActorSystem)">
            <summary>
            Initializes a new instance of the <see cref="T:Akka.Serialization.WireSerializer"/> class.
            </summary>
            <param name="system">The actor system to associate with this serializer.</param>
        </member>
        <member name="P:Akka.Serialization.WireSerializer.Identifier">
            <summary>
            Completely unique value to identify this implementation of Serializer, used to optimize network traffic
            </summary>
        </member>
        <member name="P:Akka.Serialization.WireSerializer.IncludeManifest">
            <summary>
            Returns whether this serializer needs a manifest in the fromBinary method
            </summary>
        </member>
        <member name="M:Akka.Serialization.WireSerializer.ToBinary(System.Object)">
            <summary>
            Serializes the given object into a byte array
            </summary>
            <param name="obj">The object to serialize</param>
            <returns>A byte array containing the serialized object </returns>
        </member>
        <member name="M:Akka.Serialization.WireSerializer.FromBinary(System.Byte[],System.Type)">
            <summary>
            Deserializes a byte array into an object of type <paramref name="type" />.
            </summary>
            <param name="bytes">The array containing the serialized object</param>
            <param name="type">The type of object contained in the array</param>
            <returns>The object contained in the array</returns>
        </member>
    </members>
</doc>
